mode,seed,misuse_calls,misuse_allowed,attempted,allowed,blast_radius,benign_calls,benign_denied,alerts,true_alerts,false_alerts,detected,ttd_s,alerts_attributed,misuse_records_attributed,rules_fired
baseline,0,124,124,"{""discovery"": 73, ""credential_access"": 20, ""lateral_movement"": 14, ""collection"": 13, ""exfiltration"": 4}","{""discovery"": 73, ""credential_access"": 20, ""lateral_movement"": 14, ""collection"": 13, ""exfiltration"": 4}",23,466,0,6,3,3,True,5.3,0,0.0,"{""R1_TEMPO"": 1, ""R3_KILL_CHAIN"": 2}"
nhi,0,124,26,"{""discovery"": 73, ""credential_access"": 20, ""lateral_movement"": 14, ""collection"": 13, ""exfiltration"": 4}","{""discovery"": 26, ""credential_access"": 0, ""lateral_movement"": 0, ""collection"": 0, ""exfiltration"": 0}",0,466,0,9,9,0,True,3.5,9,1.0,"{""R2_PROBING"": 6, ""R1_TEMPO"": 1, ""R3_KILL_CHAIN"": 2}"
baseline,1,141,141,"{""discovery"": 93, ""credential_access"": 18, ""lateral_movement"": 8, ""collection"": 17, ""exfiltration"": 5}","{""discovery"": 93, ""credential_access"": 18, ""lateral_movement"": 8, ""collection"": 17, ""exfiltration"": 5}",25,459,0,5,2,3,True,9.7,0,0.0,"{""R1_TEMPO"": 1, ""R3_KILL_CHAIN"": 1}"
nhi,1,141,35,"{""discovery"": 93, ""credential_access"": 18, ""lateral_movement"": 8, ""collection"": 17, ""exfiltration"": 5}","{""discovery"": 35, ""credential_access"": 0, ""lateral_movement"": 0, ""collection"": 0, ""exfiltration"": 0}",0,459,0,8,8,0,True,3.2,8,1.0,"{""R2_PROBING"": 5, ""R1_TEMPO"": 1, ""R3_KILL_CHAIN"": 2}"
baseline,2,100,100,"{""discovery"": 54, ""credential_access"": 14, ""lateral_movement"": 5, ""collection"": 22, ""exfiltration"": 5}","{""discovery"": 54, ""credential_access"": 14, ""lateral_movement"": 5, ""collection"": 22, ""exfiltration"": 5}",24,433,0,5,2,3,True,5.5,0,0.0,"{""R1_TEMPO"": 1, ""R3_KILL_CHAIN"": 1}"
nhi,2,100,24,"{""discovery"": 54, ""credential_access"": 14, ""lateral_movement"": 5, ""collection"": 22, ""exfiltration"": 5}","{""discovery"": 24, ""credential_access"": 0, ""lateral_movement"": 0, ""collection"": 0, ""exfiltration"": 0}",0,433,0,9,9,0,True,3.1,9,1.0,"{""R2_PROBING"": 5, ""R1_TEMPO"": 2, ""R3_KILL_CHAIN"": 2}"
baseline,3,140,140,"{""discovery"": 94, ""credential_access"": 11, ""lateral_movement"": 10, ""collection"": 17, ""exfiltration"": 8}","{""discovery"": 94, ""credential_access"": 11, ""lateral_movement"": 10, ""collection"": 17, ""exfiltration"": 8}",26,486,0,6,3,3,True,4.0,0,0.0,"{""R1_TEMPO"": 1, ""R3_KILL_CHAIN"": 2}"
nhi,3,140,26,"{""discovery"": 94, ""credential_access"": 11, ""lateral_movement"": 10, ""collection"": 17, ""exfiltration"": 8}","{""discovery"": 26, ""credential_access"": 0, ""lateral_movement"": 0, ""collection"": 0, ""exfiltration"": 0}",0,486,0,10,10,0,True,1.7,10,1.0,"{""R2_PROBING"": 6, ""R1_TEMPO"": 2, ""R3_KILL_CHAIN"": 2}"
baseline,4,118,118,"{""discovery"": 58, ""credential_access"": 15, ""lateral_movement"": 9, ""collection"": 29, ""exfiltration"": 7}","{""discovery"": 58, ""credential_access"": 15, ""lateral_movement"": 9, ""collection"": 29, ""exfiltration"": 7}",26,492,0,6,3,3,True,4.5,0,0.0,"{""R1_TEMPO"": 1, ""R3_KILL_CHAIN"": 2}"
nhi,4,118,22,"{""discovery"": 58, ""credential_access"": 15, ""lateral_movement"": 9, ""collection"": 29, ""exfiltration"": 7}","{""discovery"": 22, ""credential_access"": 0, ""lateral_movement"": 0, ""collection"": 0, ""exfiltration"": 0}",0,492,0,10,10,0,True,2.0,10,1.0,"{""R2_PROBING"": 6, ""R1_TEMPO"": 2, ""R3_KILL_CHAIN"": 2}"
baseline,5,121,121,"{""discovery"": 85, ""credential_access"": 14, ""lateral_movement"": 8, ""collection"": 11, ""exfiltration"": 3}","{""discovery"": 85, ""credential_access"": 14, ""lateral_movement"": 8, ""collection"": 11, ""exfiltration"": 3}",26,476,0,6,3,3,True,3.4,0,0.0,"{""R1_TEMPO"": 1, ""R3_KILL_CHAIN"": 2}"
nhi,5,121,29,"{""discovery"": 85, ""credential_access"": 14, ""lateral_movement"": 8, ""collection"": 11, ""exfiltration"": 3}","{""discovery"": 29, ""credential_access"": 0, ""lateral_movement"": 0, ""collection"": 0, ""exfiltration"": 0}",0,476,0,10,10,0,True,1.5,10,1.0,"{""R2_PROBING"": 6, ""R1_TEMPO"": 2, ""R3_KILL_CHAIN"": 2}"
baseline,6,98,98,"{""discovery"": 49, ""credential_access"": 14, ""lateral_movement"": 8, ""collection"": 22, ""exfiltration"": 5}","{""discovery"": 49, ""credential_access"": 14, ""lateral_movement"": 8, ""collection"": 22, ""exfiltration"": 5}",22,414,0,6,3,3,True,2.5,0,0.0,"{""R1_TEMPO"": 1, ""R3_KILL_CHAIN"": 2}"
nhi,6,98,19,"{""discovery"": 49, ""credential_access"": 14, ""lateral_movement"": 8, ""collection"": 22, ""exfiltration"": 5}","{""discovery"": 19, ""credential_access"": 0, ""lateral_movement"": 0, ""collection"": 0, ""exfiltration"": 0}",0,414,0,8,8,0,True,1.4,8,1.0,"{""R2_PROBING"": 5, ""R1_TEMPO"": 1, ""R3_KILL_CHAIN"": 2}"
baseline,7,170,170,"{""discovery"": 120, ""credential_access"": 19, ""lateral_movement"": 6, ""collection"": 19, ""exfiltration"": 6}","{""discovery"": 120, ""credential_access"": 19, ""lateral_movement"": 6, ""collection"": 19, ""exfiltration"": 6}",25,459,0,5,3,2,True,8.3,0,0.0,"{""R1_TEMPO"": 1, ""R3_KILL_CHAIN"": 2}"
nhi,7,170,54,"{""discovery"": 120, ""credential_access"": 19, ""lateral_movement"": 6, ""collection"": 19, ""exfiltration"": 6}","{""discovery"": 54, ""credential_access"": 0, ""lateral_movement"": 0, ""collection"": 0, ""exfiltration"": 0}",0,459,0,9,9,0,True,4.6,9,1.0,"{""R2_PROBING"": 5, ""R1_TEMPO"": 2, ""R3_KILL_CHAIN"": 2}"
baseline,8,140,140,"{""discovery"": 79, ""credential_access"": 14, ""lateral_movement"": 11, ""collection"": 28, ""exfiltration"": 8}","{""discovery"": 79, ""credential_access"": 14, ""lateral_movement"": 11, ""collection"": 28, ""exfiltration"": 8}",26,461,0,4,3,1,True,9.0,0,0.0,"{""R1_TEMPO"": 1, ""R3_KILL_CHAIN"": 2}"
nhi,8,140,34,"{""discovery"": 79, ""credential_access"": 14, ""lateral_movement"": 11, ""collection"": 28, ""exfiltration"": 8}","{""discovery"": 34, ""credential_access"": 0, ""lateral_movement"": 0, ""collection"": 0, ""exfiltration"": 0}",0,461,0,8,8,0,True,3.4,8,1.0,"{""R2_PROBING"": 5, ""R1_TEMPO"": 1, ""R3_KILL_CHAIN"": 2}"
baseline,9,175,175,"{""discovery"": 111, ""credential_access"": 24, ""lateral_movement"": 9, ""collection"": 26, ""exfiltration"": 5}","{""discovery"": 111, ""credential_access"": 24, ""lateral_movement"": 9, ""collection"": 26, ""exfiltration"": 5}",26,456,0,4,2,2,True,405.9,0,0.0,"{""R3_KILL_CHAIN"": 2}"
nhi,9,175,40,"{""discovery"": 111, ""credential_access"": 24, ""lateral_movement"": 9, ""collection"": 26, ""exfiltration"": 5}","{""discovery"": 40, ""credential_access"": 0, ""lateral_movement"": 0, ""collection"": 0, ""exfiltration"": 0}",0,456,0,7,7,0,True,3.4,7,1.0,"{""R2_PROBING"": 5, ""R3_KILL_CHAIN"": 2}"
baseline,10,162,162,"{""discovery"": 103, ""credential_access"": 20, ""lateral_movement"": 8, ""collection"": 24, ""exfiltration"": 7}","{""discovery"": 103, ""credential_access"": 20, ""lateral_movement"": 8, ""collection"": 24, ""exfiltration"": 7}",25,434,0,6,3,3,True,6.5,0,0.0,"{""R1_TEMPO"": 1, ""R3_KILL_CHAIN"": 2}"
nhi,10,162,31,"{""discovery"": 103, ""credential_access"": 20, ""lateral_movement"": 8, ""collection"": 24, ""exfiltration"": 7}","{""discovery"": 31, ""credential_access"": 0, ""lateral_movement"": 0, ""collection"": 0, ""exfiltration"": 0}",0,434,0,9,9,0,True,1.7,9,1.0,"{""R2_PROBING"": 5, ""R1_TEMPO"": 2, ""R3_KILL_CHAIN"": 2}"
baseline,11,121,121,"{""discovery"": 81, ""credential_access"": 10, ""lateral_movement"": 11, ""collection"": 16, ""exfiltration"": 3}","{""discovery"": 81, ""credential_access"": 10, ""lateral_movement"": 11, ""collection"": 16, ""exfiltration"": 3}",25,419,0,6,3,3,True,11.1,0,0.0,"{""R1_TEMPO"": 1, ""R3_KILL_CHAIN"": 2}"
nhi,11,121,25,"{""discovery"": 81, ""credential_access"": 10, ""lateral_movement"": 11, ""collection"": 16, ""exfiltration"": 3}","{""discovery"": 25, ""credential_access"": 0, ""lateral_movement"": 0, ""collection"": 0, ""exfiltration"": 0}",0,419,0,7,7,0,True,5.4,7,1.0,"{""R2_PROBING"": 5, ""R3_KILL_CHAIN"": 2}"
baseline,12,98,98,"{""discovery"": 43, ""credential_access"": 11, ""lateral_movement"": 11, ""collection"": 28, ""exfiltration"": 5}","{""discovery"": 43, ""credential_access"": 11, ""lateral_movement"": 11, ""collection"": 28, ""exfiltration"": 5}",24,465,0,4,3,1,True,4.5,0,0.0,"{""R1_TEMPO"": 1, ""R3_KILL_CHAIN"": 2}"
nhi,12,98,13,"{""discovery"": 43, ""credential_access"": 11, ""lateral_movement"": 11, ""collection"": 28, ""exfiltration"": 5}","{""discovery"": 13, ""credential_access"": 0, ""lateral_movement"": 0, ""collection"": 0, ""exfiltration"": 0}",0,465,0,9,9,0,True,2.6,9,1.0,"{""R2_PROBING"": 6, ""R1_TEMPO"": 1, ""R3_KILL_CHAIN"": 2}"
baseline,13,122,122,"{""discovery"": 88, ""credential_access"": 10, ""lateral_movement"": 7, ""collection"": 12, ""exfiltration"": 5}","{""discovery"": 88, ""credential_access"": 10, ""lateral_movement"": 7, ""collection"": 12, ""exfiltration"": 5}",25,466,0,6,3,3,True,5.1,0,0.0,"{""R1_TEMPO"": 1, ""R3_KILL_CHAIN"": 2}"
nhi,13,122,33,"{""discovery"": 88, ""credential_access"": 10, ""lateral_movement"": 7, ""collection"": 12, ""exfiltration"": 5}","{""discovery"": 33, ""credential_access"": 0, ""lateral_movement"": 0, ""collection"": 0, ""exfiltration"": 0}",0,466,0,9,9,0,True,1.8,9,1.0,"{""R2_PROBING"": 5, ""R1_TEMPO"": 2, ""R3_KILL_CHAIN"": 2}"
baseline,14,104,104,"{""discovery"": 67, ""credential_access"": 15, ""lateral_movement"": 8, ""collection"": 11, ""exfiltration"": 3}","{""discovery"": 67, ""credential_access"": 15, ""lateral_movement"": 8, ""collection"": 11, ""exfiltration"": 3}",25,477,0,5,3,2,True,4.0,0,0.0,"{""R1_TEMPO"": 1, ""R3_KILL_CHAIN"": 2}"
nhi,14,104,24,"{""discovery"": 67, ""credential_access"": 15, ""lateral_movement"": 8, ""collection"": 11, ""exfiltration"": 3}","{""discovery"": 24, ""credential_access"": 0, ""lateral_movement"": 0, ""collection"": 0, ""exfiltration"": 0}",0,477,0,9,9,0,True,2.0,9,1.0,"{""R2_PROBING"": 5, ""R1_TEMPO"": 2, ""R3_KILL_CHAIN"": 2}"
baseline,15,136,136,"{""discovery"": 88, ""credential_access"": 22, ""lateral_movement"": 9, ""collection"": 14, ""exfiltration"": 3}","{""discovery"": 88, ""credential_access"": 22, ""lateral_movement"": 9, ""collection"": 14, ""exfiltration"": 3}",26,446,0,5,2,3,True,4.1,0,0.0,"{""R1_TEMPO"": 1, ""R3_KILL_CHAIN"": 1}"
nhi,15,136,34,"{""discovery"": 88, ""credential_access"": 22, ""lateral_movement"": 9, ""collection"": 14, ""exfiltration"": 3}","{""discovery"": 34, ""credential_access"": 0, ""lateral_movement"": 0, ""collection"": 0, ""exfiltration"": 0}",0,446,0,10,10,0,True,2.8,10,1.0,"{""R2_PROBING"": 6, ""R1_TEMPO"": 2, ""R3_KILL_CHAIN"": 2}"
baseline,16,122,122,"{""discovery"": 65, ""credential_access"": 14, ""lateral_movement"": 15, ""collection"": 25, ""exfiltration"": 3}","{""discovery"": 65, ""credential_access"": 14, ""lateral_movement"": 15, ""collection"": 25, ""exfiltration"": 3}",24,455,0,5,2,3,True,309.3,0,0.0,"{""R3_KILL_CHAIN"": 2}"
nhi,16,122,25,"{""discovery"": 65, ""credential_access"": 14, ""lateral_movement"": 15, ""collection"": 25, ""exfiltration"": 3}","{""discovery"": 25, ""credential_access"": 0, ""lateral_movement"": 0, ""collection"": 0, ""exfiltration"": 0}",0,455,0,8,8,0,True,6.9,8,1.0,"{""R2_PROBING"": 5, ""R1_TEMPO"": 1, ""R3_KILL_CHAIN"": 2}"
baseline,17,148,148,"{""discovery"": 97, ""credential_access"": 13, ""lateral_movement"": 14, ""collection"": 21, ""exfiltration"": 3}","{""discovery"": 97, ""credential_access"": 13, ""lateral_movement"": 14, ""collection"": 21, ""exfiltration"": 3}",26,471,0,6,1,5,True,1433.1,0,0.0,"{""R3_KILL_CHAIN"": 1}"
nhi,17,148,40,"{""discovery"": 97, ""credential_access"": 13, ""lateral_movement"": 14, ""collection"": 21, ""exfiltration"": 3}","{""discovery"": 40, ""credential_access"": 0, ""lateral_movement"": 0, ""collection"": 0, ""exfiltration"": 0}",0,471,0,8,8,0,True,2.0,8,1.0,"{""R2_PROBING"": 5, ""R1_TEMPO"": 2, ""R3_KILL_CHAIN"": 1}"
baseline,18,126,126,"{""discovery"": 70, ""credential_access"": 17, ""lateral_movement"": 13, ""collection"": 21, ""exfiltration"": 5}","{""discovery"": 70, ""credential_access"": 17, ""lateral_movement"": 13, ""collection"": 21, ""exfiltration"": 5}",25,472,0,4,3,1,True,3.7,0,0.0,"{""R1_TEMPO"": 1, ""R3_KILL_CHAIN"": 2}"
nhi,18,126,25,"{""discovery"": 70, ""credential_access"": 17, ""lateral_movement"": 13, ""collection"": 21, ""exfiltration"": 5}","{""discovery"": 25, ""credential_access"": 0, ""lateral_movement"": 0, ""collection"": 0, ""exfiltration"": 0}",0,472,0,10,10,0,True,3.0,10,1.0,"{""R2_PROBING"": 6, ""R1_TEMPO"": 2, ""R3_KILL_CHAIN"": 2}"
baseline,19,187,187,"{""discovery"": 119, ""credential_access"": 24, ""lateral_movement"": 8, ""collection"": 28, ""exfiltration"": 8}","{""discovery"": 119, ""credential_access"": 24, ""lateral_movement"": 8, ""collection"": 28, ""exfiltration"": 8}",26,455,0,5,3,2,True,66.6,0,0.0,"{""R1_TEMPO"": 1, ""R3_KILL_CHAIN"": 2}"
nhi,19,187,41,"{""discovery"": 119, ""credential_access"": 24, ""lateral_movement"": 8, ""collection"": 28, ""exfiltration"": 8}","{""discovery"": 41, ""credential_access"": 0, ""lateral_movement"": 0, ""collection"": 0, ""exfiltration"": 0}",0,455,0,8,8,0,True,3.4,8,1.0,"{""R2_PROBING"": 6, ""R3_KILL_CHAIN"": 2}"
baseline,20,114,114,"{""discovery"": 57, ""credential_access"": 23, ""lateral_movement"": 8, ""collection"": 22, ""exfiltration"": 4}","{""discovery"": 57, ""credential_access"": 23, ""lateral_movement"": 8, ""collection"": 22, ""exfiltration"": 4}",22,469,0,5,3,2,True,4.6,0,0.0,"{""R1_TEMPO"": 1, ""R3_KILL_CHAIN"": 2}"
nhi,20,114,21,"{""discovery"": 57, ""credential_access"": 23, ""lateral_movement"": 8, ""collection"": 22, ""exfiltration"": 4}","{""discovery"": 21, ""credential_access"": 0, ""lateral_movement"": 0, ""collection"": 0, ""exfiltration"": 0}",0,469,0,9,9,0,True,2.4,9,1.0,"{""R2_PROBING"": 6, ""R1_TEMPO"": 1, ""R3_KILL_CHAIN"": 2}"
baseline,21,154,154,"{""discovery"": 101, ""credential_access"": 16, ""lateral_movement"": 14, ""collection"": 20, ""exfiltration"": 3}","{""discovery"": 101, ""credential_access"": 16, ""lateral_movement"": 14, ""collection"": 20, ""exfiltration"": 3}",26,467,0,5,3,2,True,11.0,0,0.0,"{""R1_TEMPO"": 1, ""R3_KILL_CHAIN"": 2}"
nhi,21,154,42,"{""discovery"": 101, ""credential_access"": 16, ""lateral_movement"": 14, ""collection"": 20, ""exfiltration"": 3}","{""discovery"": 42, ""credential_access"": 0, ""lateral_movement"": 0, ""collection"": 0, ""exfiltration"": 0}",0,467,0,8,8,0,True,5.5,8,1.0,"{""R2_PROBING"": 6, ""R3_KILL_CHAIN"": 2}"
baseline,22,142,142,"{""discovery"": 86, ""credential_access"": 15, ""lateral_movement"": 12, ""collection"": 22, ""exfiltration"": 7}","{""discovery"": 86, ""credential_access"": 15, ""lateral_movement"": 12, ""collection"": 22, ""exfiltration"": 7}",25,473,0,5,3,2,True,5.8,0,0.0,"{""R1_TEMPO"": 1, ""R3_KILL_CHAIN"": 2}"
nhi,22,142,38,"{""discovery"": 86, ""credential_access"": 15, ""lateral_movement"": 12, ""collection"": 22, ""exfiltration"": 7}","{""discovery"": 38, ""credential_access"": 0, ""lateral_movement"": 0, ""collection"": 0, ""exfiltration"": 0}",0,473,0,9,9,0,True,4.1,9,1.0,"{""R2_PROBING"": 5, ""R1_TEMPO"": 2, ""R3_KILL_CHAIN"": 2}"
baseline,23,160,160,"{""discovery"": 96, ""credential_access"": 21, ""lateral_movement"": 10, ""collection"": 28, ""exfiltration"": 5}","{""discovery"": 96, ""credential_access"": 21, ""lateral_movement"": 10, ""collection"": 28, ""exfiltration"": 5}",25,468,0,4,3,1,True,3.6,0,0.0,"{""R1_TEMPO"": 1, ""R3_KILL_CHAIN"": 2}"
nhi,23,160,34,"{""discovery"": 96, ""credential_access"": 21, ""lateral_movement"": 10, ""collection"": 28, ""exfiltration"": 5}","{""discovery"": 34, ""credential_access"": 0, ""lateral_movement"": 0, ""collection"": 0, ""exfiltration"": 0}",0,468,0,8,8,0,True,1.4,8,1.0,"{""R2_PROBING"": 5, ""R1_TEMPO"": 2, ""R3_KILL_CHAIN"": 1}"
baseline,24,141,141,"{""discovery"": 85, ""credential_access"": 18, ""lateral_movement"": 9, ""collection"": 26, ""exfiltration"": 3}","{""discovery"": 85, ""credential_access"": 18, ""lateral_movement"": 9, ""collection"": 26, ""exfiltration"": 3}",26,462,0,4,2,2,True,5.4,0,0.0,"{""R1_TEMPO"": 1, ""R3_KILL_CHAIN"": 1}"
nhi,24,141,29,"{""discovery"": 85, ""credential_access"": 18, ""lateral_movement"": 9, ""collection"": 26, ""exfiltration"": 3}","{""discovery"": 29, ""credential_access"": 0, ""lateral_movement"": 0, ""collection"": 0, ""exfiltration"": 0}",0,462,0,9,9,0,True,3.4,9,1.0,"{""R2_PROBING"": 5, ""R1_TEMPO"": 2, ""R3_KILL_CHAIN"": 2}"
baseline,25,126,126,"{""discovery"": 64, ""credential_access"": 23, ""lateral_movement"": 5, ""collection"": 28, ""exfiltration"": 6}","{""discovery"": 64, ""credential_access"": 23, ""lateral_movement"": 5, ""collection"": 28, ""exfiltration"": 6}",26,436,0,4,3,1,True,5.1,0,0.0,"{""R1_TEMPO"": 1, ""R3_KILL_CHAIN"": 2}"
nhi,25,126,26,"{""discovery"": 64, ""credential_access"": 23, ""lateral_movement"": 5, ""collection"": 28, ""exfiltration"": 6}","{""discovery"": 26, ""credential_access"": 0, ""lateral_movement"": 0, ""collection"": 0, ""exfiltration"": 0}",0,436,0,9,9,0,True,1.9,9,1.0,"{""R2_PROBING"": 6, ""R1_TEMPO"": 1, ""R3_KILL_CHAIN"": 2}"
baseline,26,128,128,"{""discovery"": 79, ""credential_access"": 19, ""lateral_movement"": 9, ""collection"": 18, ""exfiltration"": 3}","{""discovery"": 79, ""credential_access"": 19, ""lateral_movement"": 9, ""collection"": 18, ""exfiltration"": 3}",25,493,0,5,2,3,True,4.8,0,0.0,"{""R1_TEMPO"": 1, ""R3_KILL_CHAIN"": 1}"
nhi,26,128,39,"{""discovery"": 79, ""credential_access"": 19, ""lateral_movement"": 9, ""collection"": 18, ""exfiltration"": 3}","{""discovery"": 39, ""credential_access"": 0, ""lateral_movement"": 0, ""collection"": 0, ""exfiltration"": 0}",0,493,0,9,9,0,True,2.0,9,1.0,"{""R2_PROBING"": 5, ""R1_TEMPO"": 2, ""R3_KILL_CHAIN"": 2}"
baseline,27,106,106,"{""discovery"": 50, ""credential_access"": 19, ""lateral_movement"": 12, ""collection"": 21, ""exfiltration"": 4}","{""discovery"": 50, ""credential_access"": 19, ""lateral_movement"": 12, ""collection"": 21, ""exfiltration"": 4}",22,446,0,6,2,4,True,4.0,0,0.0,"{""R1_TEMPO"": 1, ""R3_KILL_CHAIN"": 1}"
nhi,27,106,23,"{""discovery"": 50, ""credential_access"": 19, ""lateral_movement"": 12, ""collection"": 21, ""exfiltration"": 4}","{""discovery"": 23, ""credential_access"": 0, ""lateral_movement"": 0, ""collection"": 0, ""exfiltration"": 0}",0,446,0,10,10,0,True,1.6,10,1.0,"{""R2_PROBING"": 6, ""R1_TEMPO"": 2, ""R3_KILL_CHAIN"": 2}"
baseline,28,162,162,"{""discovery"": 96, ""credential_access"": 20, ""lateral_movement"": 10, ""collection"": 28, ""exfiltration"": 8}","{""discovery"": 96, ""credential_access"": 20, ""lateral_movement"": 10, ""collection"": 28, ""exfiltration"": 8}",26,487,0,5,2,3,True,4.4,0,0.0,"{""R1_TEMPO"": 1, ""R3_KILL_CHAIN"": 1}"
nhi,28,162,40,"{""discovery"": 96, ""credential_access"": 20, ""lateral_movement"": 10, ""collection"": 28, ""exfiltration"": 8}","{""discovery"": 40, ""credential_access"": 0, ""lateral_movement"": 0, ""collection"": 0, ""exfiltration"": 0}",0,487,0,10,10,0,True,1.9,10,1.0,"{""R2_PROBING"": 6, ""R1_TEMPO"": 2, ""R3_KILL_CHAIN"": 2}"
baseline,29,152,152,"{""discovery"": 114, ""credential_access"": 11, ""lateral_movement"": 5, ""collection"": 19, ""exfiltration"": 3}","{""discovery"": 114, ""credential_access"": 11, ""lateral_movement"": 5, ""collection"": 19, ""exfiltration"": 3}",25,446,0,4,2,2,True,6.2,0,0.0,"{""R1_TEMPO"": 1, ""R3_KILL_CHAIN"": 1}"
nhi,29,152,46,"{""discovery"": 114, ""credential_access"": 11, ""lateral_movement"": 5, ""collection"": 19, ""exfiltration"": 3}","{""discovery"": 46, ""credential_access"": 0, ""lateral_movement"": 0, ""collection"": 0, ""exfiltration"": 0}",0,446,0,8,8,0,True,3.2,8,1.0,"{""R2_PROBING"": 5, ""R1_TEMPO"": 2, ""R3_KILL_CHAIN"": 1}"
baseline,30,141,141,"{""discovery"": 88, ""credential_access"": 14, ""lateral_movement"": 13, ""collection"": 18, ""exfiltration"": 8}","{""discovery"": 88, ""credential_access"": 14, ""lateral_movement"": 13, ""collection"": 18, ""exfiltration"": 8}",23,430,0,4,2,2,True,5.9,0,0.0,"{""R1_TEMPO"": 1, ""R3_KILL_CHAIN"": 1}"
nhi,30,141,39,"{""discovery"": 88, ""credential_access"": 14, ""lateral_movement"": 13, ""collection"": 18, ""exfiltration"": 8}","{""discovery"": 39, ""credential_access"": 0, ""lateral_movement"": 0, ""collection"": 0, ""exfiltration"": 0}",0,430,0,9,9,0,True,2.5,9,1.0,"{""R2_PROBING"": 5, ""R1_TEMPO"": 2, ""R3_KILL_CHAIN"": 2}"
baseline,31,174,174,"{""discovery"": 110, ""credential_access"": 21, ""lateral_movement"": 14, ""collection"": 24, ""exfiltration"": 5}","{""discovery"": 110, ""credential_access"": 21, ""lateral_movement"": 14, ""collection"": 24, ""exfiltration"": 5}",26,472,0,2,2,0,True,671.7,0,0.0,"{""R3_KILL_CHAIN"": 2}"
nhi,31,174,39,"{""discovery"": 110, ""credential_access"": 21, ""lateral_movement"": 14, ""collection"": 24, ""exfiltration"": 5}","{""discovery"": 39, ""credential_access"": 0, ""lateral_movement"": 0, ""collection"": 0, ""exfiltration"": 0}",0,472,0,7,7,0,True,6.5,7,1.0,"{""R2_PROBING"": 5, ""R3_KILL_CHAIN"": 2}"
baseline,32,156,156,"{""discovery"": 114, ""credential_access"": 12, ""lateral_movement"": 10, ""collection"": 13, ""exfiltration"": 7}","{""discovery"": 114, ""credential_access"": 12, ""lateral_movement"": 10, ""collection"": 13, ""exfiltration"": 7}",25,482,0,5,3,2,True,4.9,0,0.0,"{""R1_TEMPO"": 1, ""R3_KILL_CHAIN"": 2}"
nhi,32,156,48,"{""discovery"": 114, ""credential_access"": 12, ""lateral_movement"": 10, ""collection"": 13, ""exfiltration"": 7}","{""discovery"": 48, ""credential_access"": 0, ""lateral_movement"": 0, ""collection"": 0, ""exfiltration"": 0}",0,482,0,8,8,0,True,1.7,8,1.0,"{""R2_PROBING"": 5, ""R1_TEMPO"": 2, ""R3_KILL_CHAIN"": 1}"
baseline,33,114,114,"{""discovery"": 75, ""credential_access"": 11, ""lateral_movement"": 14, ""collection"": 10, ""exfiltration"": 4}","{""discovery"": 75, ""credential_access"": 11, ""lateral_movement"": 14, ""collection"": 10, ""exfiltration"": 4}",24,454,0,5,2,3,True,27.3,0,0.0,"{""R1_TEMPO"": 1, ""R3_KILL_CHAIN"": 1}"
nhi,33,114,30,"{""discovery"": 75, ""credential_access"": 11, ""lateral_movement"": 14, ""collection"": 10, ""exfiltration"": 4}","{""discovery"": 30, ""credential_access"": 0, ""lateral_movement"": 0, ""collection"": 0, ""exfiltration"": 0}",0,454,0,7,7,0,True,4.4,7,1.0,"{""R2_PROBING"": 5, ""R3_KILL_CHAIN"": 2}"
baseline,34,133,133,"{""discovery"": 78, ""credential_access"": 14, ""lateral_movement"": 15, ""collection"": 21, ""exfiltration"": 5}","{""discovery"": 78, ""credential_access"": 14, ""lateral_movement"": 15, ""collection"": 21, ""exfiltration"": 5}",26,437,0,6,2,4,True,3.2,0,0.0,"{""R1_TEMPO"": 1, ""R3_KILL_CHAIN"": 1}"
nhi,34,133,26,"{""discovery"": 78, ""credential_access"": 14, ""lateral_movement"": 15, ""collection"": 21, ""exfiltration"": 5}","{""discovery"": 26, ""credential_access"": 0, ""lateral_movement"": 0, ""collection"": 0, ""exfiltration"": 0}",0,437,0,8,8,0,True,2.0,8,1.0,"{""R2_PROBING"": 5, ""R1_TEMPO"": 1, ""R3_KILL_CHAIN"": 2}"
baseline,35,119,119,"{""discovery"": 61, ""credential_access"": 23, ""lateral_movement"": 13, ""collection"": 17, ""exfiltration"": 5}","{""discovery"": 61, ""credential_access"": 23, ""lateral_movement"": 13, ""collection"": 17, ""exfiltration"": 5}",23,448,0,6,2,4,True,3.7,0,0.0,"{""R1_TEMPO"": 1, ""R3_KILL_CHAIN"": 1}"
nhi,35,119,20,"{""discovery"": 61, ""credential_access"": 23, ""lateral_movement"": 13, ""collection"": 17, ""exfiltration"": 5}","{""discovery"": 20, ""credential_access"": 0, ""lateral_movement"": 0, ""collection"": 0, ""exfiltration"": 0}",0,448,0,10,10,0,True,1.8,10,1.0,"{""R2_PROBING"": 6, ""R1_TEMPO"": 2, ""R3_KILL_CHAIN"": 2}"
baseline,36,141,141,"{""discovery"": 74, ""credential_access"": 24, ""lateral_movement"": 10, ""collection"": 29, ""exfiltration"": 4}","{""discovery"": 74, ""credential_access"": 24, ""lateral_movement"": 10, ""collection"": 29, ""exfiltration"": 4}",25,463,0,6,3,3,True,4.9,0,0.0,"{""R1_TEMPO"": 1, ""R3_KILL_CHAIN"": 2}"
nhi,36,141,29,"{""discovery"": 74, ""credential_access"": 24, ""lateral_movement"": 10, ""collection"": 29, ""exfiltration"": 4}","{""discovery"": 29, ""credential_access"": 0, ""lateral_movement"": 0, ""collection"": 0, ""exfiltration"": 0}",0,463,0,10,10,0,True,2.0,10,1.0,"{""R2_PROBING"": 5, ""R1_TEMPO"": 3, ""R3_KILL_CHAIN"": 2}"
baseline,37,111,111,"{""discovery"": 54, ""credential_access"": 13, ""lateral_movement"": 10, ""collection"": 29, ""exfiltration"": 5}","{""discovery"": 54, ""credential_access"": 13, ""lateral_movement"": 10, ""collection"": 29, ""exfiltration"": 5}",23,459,0,5,2,3,True,5.7,0,0.0,"{""R1_TEMPO"": 1, ""R3_KILL_CHAIN"": 1}"
nhi,37,111,17,"{""discovery"": 54, ""credential_access"": 13, ""lateral_movement"": 10, ""collection"": 29, ""exfiltration"": 5}","{""discovery"": 17, ""credential_access"": 0, ""lateral_movement"": 0, ""collection"": 0, ""exfiltration"": 0}",0,459,0,8,8,0,True,1.6,8,1.0,"{""R2_PROBING"": 5, ""R1_TEMPO"": 2, ""R3_KILL_CHAIN"": 1}"
baseline,38,107,107,"{""discovery"": 56, ""credential_access"": 18, ""lateral_movement"": 10, ""collection"": 18, ""exfiltration"": 5}","{""discovery"": 56, ""credential_access"": 18, ""lateral_movement"": 10, ""collection"": 18, ""exfiltration"": 5}",24,457,0,4,2,2,True,7.9,0,0.0,"{""R1_TEMPO"": 1, ""R3_KILL_CHAIN"": 1}"
nhi,38,107,19,"{""discovery"": 56, ""credential_access"": 18, ""lateral_movement"": 10, ""collection"": 18, ""exfiltration"": 5}","{""discovery"": 19, ""credential_access"": 0, ""lateral_movement"": 0, ""collection"": 0, ""exfiltration"": 0}",0,457,0,8,8,0,True,4.1,8,1.0,"{""R2_PROBING"": 5, ""R1_TEMPO"": 1, ""R3_KILL_CHAIN"": 2}"
baseline,39,129,129,"{""discovery"": 82, ""credential_access"": 14, ""lateral_movement"": 12, ""collection"": 17, ""exfiltration"": 4}","{""discovery"": 82, ""credential_access"": 14, ""lateral_movement"": 12, ""collection"": 17, ""exfiltration"": 4}",26,457,0,4,2,2,True,4.8,0,0.0,"{""R1_TEMPO"": 1, ""R3_KILL_CHAIN"": 1}"
nhi,39,129,34,"{""discovery"": 82, ""credential_access"": 14, ""lateral_movement"": 12, ""collection"": 17, ""exfiltration"": 4}","{""discovery"": 34, ""credential_access"": 0, ""lateral_movement"": 0, ""collection"": 0, ""exfiltration"": 0}",0,457,0,9,9,0,True,3.0,9,1.0,"{""R2_PROBING"": 5, ""R1_TEMPO"": 2, ""R3_KILL_CHAIN"": 2}"
baseline,40,151,151,"{""discovery"": 99, ""credential_access"": 11, ""lateral_movement"": 14, ""collection"": 23, ""exfiltration"": 4}","{""discovery"": 99, ""credential_access"": 11, ""lateral_movement"": 14, ""collection"": 23, ""exfiltration"": 4}",25,440,0,4,2,2,True,7.0,0,0.0,"{""R1_TEMPO"": 1, ""R3_KILL_CHAIN"": 1}"
nhi,40,151,36,"{""discovery"": 99, ""credential_access"": 11, ""lateral_movement"": 14, ""collection"": 23, ""exfiltration"": 4}","{""discovery"": 36, ""credential_access"": 0, ""lateral_movement"": 0, ""collection"": 0, ""exfiltration"": 0}",0,440,0,9,9,0,True,2.7,9,1.0,"{""R2_PROBING"": 5, ""R1_TEMPO"": 2, ""R3_KILL_CHAIN"": 2}"
baseline,41,133,133,"{""discovery"": 79, ""credential_access"": 17, ""lateral_movement"": 15, ""collection"": 15, ""exfiltration"": 7}","{""discovery"": 79, ""credential_access"": 17, ""lateral_movement"": 15, ""collection"": 15, ""exfiltration"": 7}",25,474,0,6,2,4,True,3.9,0,0.0,"{""R1_TEMPO"": 1, ""R3_KILL_CHAIN"": 1}"
nhi,41,133,27,"{""discovery"": 79, ""credential_access"": 17, ""lateral_movement"": 15, ""collection"": 15, ""exfiltration"": 7}","{""discovery"": 27, ""credential_access"": 0, ""lateral_movement"": 0, ""collection"": 0, ""exfiltration"": 0}",0,474,0,8,8,0,True,1.7,8,1.0,"{""R2_PROBING"": 5, ""R1_TEMPO"": 2, ""R3_KILL_CHAIN"": 1}"
baseline,42,146,146,"{""discovery"": 100, ""credential_access"": 12, ""lateral_movement"": 14, ""collection"": 17, ""exfiltration"": 3}","{""discovery"": 100, ""credential_access"": 12, ""lateral_movement"": 14, ""collection"": 17, ""exfiltration"": 3}",25,445,0,4,3,1,True,8.2,0,0.0,"{""R1_TEMPO"": 1, ""R3_KILL_CHAIN"": 2}"
nhi,42,146,38,"{""discovery"": 100, ""credential_access"": 12, ""lateral_movement"": 14, ""collection"": 17, ""exfiltration"": 3}","{""discovery"": 38, ""credential_access"": 0, ""lateral_movement"": 0, ""collection"": 0, ""exfiltration"": 0}",0,445,0,7,7,0,True,4.3,7,1.0,"{""R2_PROBING"": 5, ""R3_KILL_CHAIN"": 2}"
baseline,43,105,105,"{""discovery"": 47, ""credential_access"": 25, ""lateral_movement"": 15, ""collection"": 15, ""exfiltration"": 3}","{""discovery"": 47, ""credential_access"": 25, ""lateral_movement"": 15, ""collection"": 15, ""exfiltration"": 3}",24,447,0,4,3,1,True,4.2,0,0.0,"{""R1_TEMPO"": 1, ""R3_KILL_CHAIN"": 2}"
nhi,43,105,21,"{""discovery"": 47, ""credential_access"": 25, ""lateral_movement"": 15, ""collection"": 15, ""exfiltration"": 3}","{""discovery"": 21, ""credential_access"": 0, ""lateral_movement"": 0, ""collection"": 0, ""exfiltration"": 0}",0,447,0,9,9,0,True,3.1,9,1.0,"{""R2_PROBING"": 6, ""R1_TEMPO"": 1, ""R3_KILL_CHAIN"": 2}"
baseline,44,121,121,"{""discovery"": 76, ""credential_access"": 10, ""lateral_movement"": 13, ""collection"": 18, ""exfiltration"": 4}","{""discovery"": 76, ""credential_access"": 10, ""lateral_movement"": 13, ""collection"": 18, ""exfiltration"": 4}",25,449,0,3,3,0,True,11.3,0,0.0,"{""R1_TEMPO"": 1, ""R3_KILL_CHAIN"": 2}"
nhi,44,121,25,"{""discovery"": 76, ""credential_access"": 10, ""lateral_movement"": 13, ""collection"": 18, ""exfiltration"": 4}","{""discovery"": 25, ""credential_access"": 0, ""lateral_movement"": 0, ""collection"": 0, ""exfiltration"": 0}",0,449,0,7,7,0,True,2.9,7,1.0,"{""R2_PROBING"": 5, ""R3_KILL_CHAIN"": 2}"
baseline,45,150,150,"{""discovery"": 94, ""credential_access"": 20, ""lateral_movement"": 15, ""collection"": 18, ""exfiltration"": 3}","{""discovery"": 94, ""credential_access"": 20, ""lateral_movement"": 15, ""collection"": 18, ""exfiltration"": 3}",25,427,0,4,2,2,True,1066.2,0,0.0,"{""R3_KILL_CHAIN"": 2}"
nhi,45,150,32,"{""discovery"": 94, ""credential_access"": 20, ""lateral_movement"": 15, ""collection"": 18, ""exfiltration"": 3}","{""discovery"": 32, ""credential_access"": 0, ""lateral_movement"": 0, ""collection"": 0, ""exfiltration"": 0}",0,427,0,6,6,0,True,5.6,6,1.0,"{""R2_PROBING"": 5, ""R3_KILL_CHAIN"": 1}"
baseline,46,124,124,"{""discovery"": 78, ""credential_access"": 22, ""lateral_movement"": 6, ""collection"": 11, ""exfiltration"": 7}","{""discovery"": 78, ""credential_access"": 22, ""lateral_movement"": 6, ""collection"": 11, ""exfiltration"": 7}",24,461,0,4,2,2,True,7.3,0,0.0,"{""R1_TEMPO"": 1, ""R3_KILL_CHAIN"": 1}"
nhi,46,124,27,"{""discovery"": 78, ""credential_access"": 22, ""lateral_movement"": 6, ""collection"": 11, ""exfiltration"": 7}","{""discovery"": 27, ""credential_access"": 0, ""lateral_movement"": 0, ""collection"": 0, ""exfiltration"": 0}",0,461,0,8,8,0,True,1.7,8,1.0,"{""R2_PROBING"": 5, ""R1_TEMPO"": 2, ""R3_KILL_CHAIN"": 1}"
baseline,47,166,166,"{""discovery"": 117, ""credential_access"": 22, ""lateral_movement"": 9, ""collection"": 14, ""exfiltration"": 4}","{""discovery"": 117, ""credential_access"": 22, ""lateral_movement"": 9, ""collection"": 14, ""exfiltration"": 4}",25,488,0,5,3,2,True,10.6,0,0.0,"{""R1_TEMPO"": 1, ""R3_KILL_CHAIN"": 2}"
nhi,47,166,38,"{""discovery"": 117, ""credential_access"": 22, ""lateral_movement"": 9, ""collection"": 14, ""exfiltration"": 4}","{""discovery"": 38, ""credential_access"": 0, ""lateral_movement"": 0, ""collection"": 0, ""exfiltration"": 0}",0,488,0,7,7,0,True,3.0,7,1.0,"{""R2_PROBING"": 5, ""R3_KILL_CHAIN"": 2}"
baseline,48,142,142,"{""discovery"": 86, ""credential_access"": 23, ""lateral_movement"": 15, ""collection"": 15, ""exfiltration"": 3}","{""discovery"": 86, ""credential_access"": 23, ""lateral_movement"": 15, ""collection"": 15, ""exfiltration"": 3}",26,449,0,5,2,3,True,3.4,0,0.0,"{""R1_TEMPO"": 1, ""R3_KILL_CHAIN"": 1}"
nhi,48,142,33,"{""discovery"": 86, ""credential_access"": 23, ""lateral_movement"": 15, ""collection"": 15, ""exfiltration"": 3}","{""discovery"": 33, ""credential_access"": 0, ""lateral_movement"": 0, ""collection"": 0, ""exfiltration"": 0}",0,449,0,9,9,0,True,1.1,9,1.0,"{""R2_PROBING"": 5, ""R1_TEMPO"": 3, ""R3_KILL_CHAIN"": 1}"
baseline,49,116,116,"{""discovery"": 49, ""credential_access"": 16, ""lateral_movement"": 13, ""collection"": 30, ""exfiltration"": 8}","{""discovery"": 49, ""credential_access"": 16, ""lateral_movement"": 13, ""collection"": 30, ""exfiltration"": 8}",26,468,0,4,3,1,True,3.7,0,0.0,"{""R1_TEMPO"": 1, ""R3_KILL_CHAIN"": 2}"
nhi,49,116,19,"{""discovery"": 49, ""credential_access"": 16, ""lateral_movement"": 13, ""collection"": 30, ""exfiltration"": 8}","{""discovery"": 19, ""credential_access"": 0, ""lateral_movement"": 0, ""collection"": 0, ""exfiltration"": 0}",0,468,0,8,8,0,True,1.6,8,1.0,"{""R2_PROBING"": 5, ""R1_TEMPO"": 2, ""R3_KILL_CHAIN"": 1}"
