month,n,start_hour_p10,median_hour
1999-09,109,5.0,9.0
1999-10,121,6.0,10.0
1999-12,191,5.0,10.0
2000-01,252,5.0,10.0
2000-02,199,5.0,11.0
2000-03,260,5.0,9.0
2000-04,210,5.900000000000002,10.5
2000-05,265,5.400000000000002,10.0
2000-06,391,5.0,10.0
2000-07,413,5.0,10.0
2000-08,658,5.0,9.0
2000-09,627,5.0,9.0
2000-10,779,5.0,9.0
2000-11,797,5.0,10.0
2000-12,738,5.0,10.0
2001-01,767,5.0,10.0
2001-02,795,5.0,10.0
2001-03,993,5.0,10.0
2001-04,1112,6.0,12.0
2001-05,1142,6.0,13.0
2001-06,629,6.0,13.0
2001-07,715,8.0,14.0
2001-08,682,9.100000000000009,15.0
2001-09,921,10.0,14.0
2001-10,1838,10.0,15.0
2001-11,1455,11.0,15.0
2001-12,496,11.0,14.0
2002-01,838,11.0,15.0
2002-02,406,11.0,15.0
2002-03,237,11.0,15.0
