employee_key,display_name,named_officer,role_group,role_rank,community,community_louvain,emails_sent,emails_received,out_contacts,in_contacts,contacts,strong_ties,weak_ties,betweenness,pagerank,clustering,crisis_share,x,y,rank_betweenness,rank_pagerank,rank_contacts,rank_emails_sent
EXE-07,Sally Beck,True,1 Executive,1,C1 Leadership core,L1,343,151,77,26,81,22,59,0.10151,0.00562,0.23827,0.29738,28.287,54.57,1,75,2,34
UNK-13,UNK-13,False,7 Unknown role,6,C1 Leadership core,L1,407,108,75,17,77,15,62,0.09633,0.00361,0.26316,0.24079,43.096,56.021,2,116,3,22
EXE-01,John Lavorato,True,1 Executive,1,C1 Leadership core,L1,935,1030,84,48,90,42,48,0.0922,0.03273,0.2392,0.13369,38.979,45.415,3,1,1,7
UNK-04,UNK-04,False,7 Unknown role,6,C3 Trading & logistics desk,L2,622,500,53,34,59,28,31,0.06907,0.01175,0.22209,0.07878,45.541,26.096,4,18,6,12
EXE-09,Kenneth Lay,True,1 Executive,1,C1 Leadership core,L1,82,154,55,23,62,16,46,0.04035,0.00396,0.31676,0.96341,53.65,33.485,5,109,5,75
EXE-02,Louise Kitchen,True,1 Executive,1,C1 Leadership core,L1,919,829,60,47,64,43,21,0.02954,0.02271,0.33532,0.21872,49.827,46.741,6,2,4,8
EMP-01,EMP-01,False,6 Employee / Specialist,5,C1 Leadership core,L8,3198,751,38,16,38,16,22,0.0209,0.01322,0.38691,0.21451,62.027,38.131,7,10,20,1
VP-09,VP-09,False,2 Vice President,2,C1 Leadership core,L1,355,341,38,41,51,28,23,0.02052,0.01569,0.37255,0.22817,51.177,56.265,8,5,8,32
DIR-01,DIR-01,False,3 Director / MD,3,C2 Staff cluster around DIR-01,L7,169,1027,27,43,50,20,30,0.01936,0.01565,0.35102,0.18343,69.375,45.275,9,6,9,55
UNK-27,UNK-27,False,7 Unknown role,6,C3 Trading & logistics desk,L3,50,133,16,18,25,9,16,0.01857,0.00417,0.45,0.22,27.228,17.741,10,104,58,92
MGR-02,MGR-02,False,4 Manager,4,C1 Leadership core,L3,334,323,37,45,54,28,26,0.0175,0.01156,0.38225,0.08683,45.315,40.729,11,20,7,35
MGR-07,MGR-07,False,4 Manager,4,C4 Real-time trading desk,L2,106,54,17,16,23,10,13,0.01714,0.00781,0.32806,0.51887,57.155,76.784,12,48,67,66
EMP-12,EMP-12,False,6 Employee / Specialist,5,C3 Trading & logistics desk,L3,297,203,39,21,43,17,26,0.01509,0.00647,0.33444,0.42424,30.256,29.16,13,62,14,39
VP-10,VP-10,False,2 Vice President,2,C1 Leadership core,L4,353,227,36,41,50,27,23,0.01489,0.0092,0.38612,0.05099,34.079,39.448,14,33,10,33
UNK-03,UNK-03,False,7 Unknown role,6,C4 Real-time trading desk,L5,945,218,16,17,21,12,9,0.01478,0.0133,0.31905,0.38836,48.243,90.859,15,9,77,6
VP-08,VP-08,False,2 Vice President,2,C1 Leadership core,L6,247,476,27,31,41,17,24,0.01408,0.01205,0.40732,0.45344,47.328,34.336,16,17,17,45
MGR-01,MGR-01,False,4 Manager,4,C3 Trading & logistics desk,L3,1148,345,41,42,48,35,13,0.01291,0.02003,0.39628,0.62979,35.494,30.233,17,3,11,5
EMP-06,EMP-06,False,6 Employee / Specialist,5,C2 Staff cluster around DIR-01,L4,620,92,27,17,32,12,20,0.01223,0.00868,0.28427,0.06129,66.911,51.448,18,41,29,13
VP-11,VP-11,False,2 Vice President,2,C1 Leadership core,L1,149,272,29,44,46,27,19,0.01084,0.01148,0.41836,0.18121,39.259,37.901,19,21,12,58
EXE-08,Stanley Horton,True,1 Executive,1,C5 Gas pipeline & regulatory,L2,130,207,27,23,33,17,16,0.01057,0.00588,0.50758,0.36154,79.267,30.357,20,68,28,60
DIR-05,DIR-05,False,3 Director / MD,3,C1 Leadership core,L8,14,216,6,20,21,5,16,0.0104,0.00489,0.40952,0.07143,51.36,61.741,21,86,81,121
EMP-02,EMP-02,False,6 Employee / Specialist,5,C2 Staff cluster around DIR-01,L7,625,1064,26,32,37,21,16,0.00962,0.01282,0.4024,,74.685,46.468,22,12,24,11
EXE-04,Rod Hayslett,True,1 Executive,1,C5 Gas pipeline & regulatory,L2,381,309,18,25,26,17,9,0.00951,0.01133,0.46769,0.70866,90.003,30.046,23,23,54,27
VP-01,VP-01,False,2 Vice President,2,C1 Leadership core,L8,1521,1558,29,26,35,20,15,0.00935,0.01426,0.46387,0.2426,56.668,38.816,24,8,27,3
UNK-08,UNK-08,False,7 Unknown role,6,C2 Staff cluster around DIR-01,L6,456,346,26,24,31,19,12,0.00916,0.01167,0.37849,0.18202,71.713,40.4,25,19,35,19
DIR-02,DIR-02,False,3 Director / MD,3,C1 Leadership core,L1,403,450,35,32,40,27,13,0.00907,0.01135,0.50385,0.17122,59.18,52.06,26,22,18,23
UNK-01,UNK-01,False,7 Unknown role,6,C2 Staff cluster around DIR-01,L7,2588,707,32,25,38,19,19,0.00896,0.01311,0.41821,0.0456,71.717,50.254,27,11,22,2
EXE-03,David Delainey,True,1 Executive,1,C1 Leadership core,L1,503,417,36,33,44,25,19,0.00884,0.01057,0.49366,0.0159,53.102,42.037,28,27,13,17
UNK-18,UNK-18,False,7 Unknown role,6,C2 Staff cluster around DIR-01,L6,120,181,19,20,25,14,11,0.00881,0.00664,0.33667,,66.784,40.629,29,57,57,63
EMP-04,EMP-04,False,6 Employee / Specialist,5,C1 Leadership core,L7,364,477,23,25,32,16,16,0.00863,0.00857,0.47581,0.06593,63.283,48.099,30,42,30,29
TRD-05,TRD-05,False,5 Trader,5,C4 Real-time trading desk,L5,100,126,9,13,16,6,10,0.0086,0.006,0.425,0.68,54.232,84.49,31,65,98,69
VP-06,VP-06,False,2 Vice President,2,C5 Gas pipeline & regulatory,L2,560,219,28,19,29,18,11,0.00853,0.00639,0.42118,0.12321,87.366,26.063,32,64,40,14
UNK-31,UNK-31,False,7 Unknown role,6,C2 Staff cluster around DIR-01,L1,43,84,18,16,25,9,16,0.00825,0.00325,0.40333,0.4186,64.486,59.831,33,120,59,95
VP-15,VP-15,False,2 Vice President,2,C1 Leadership core,L1,84,136,26,34,42,18,24,0.00777,0.00595,0.43206,0.07143,36.691,52.362,34,67,15,74
MGR-03,MGR-03,False,4 Manager,4,C1 Leadership core,L1,247,107,34,29,38,25,13,0.00775,0.00505,0.50925,0.08907,49.98,38.558,35,82,21,46
VP-04,VP-04,False,2 Vice President,2,C1 Leadership core,L8,313,529,34,26,37,23,14,0.0068,0.00805,0.45646,0.10863,58.757,47.451,36,46,23,37
VP-16,VP-16,False,2 Vice President,2,C1 Leadership core,L1,61,151,14,27,30,11,19,0.0064,0.00643,0.47356,0.37705,42.923,32.26,37,63,36,85
VP-05,VP-05,False,2 Vice President,2,C1 Leadership core,L4,436,359,31,32,42,21,21,0.00619,0.01478,0.47387,0.26376,31.959,43.993,38,7,16,20
DIR-03,DIR-03,False,3 Director / MD,3,C5 Gas pipeline & regulatory,L2,208,291,22,17,23,16,7,0.00605,0.00889,0.49012,0.32212,87.324,21.527,39,37,69,54
MGR-05,MGR-05,False,4 Manager,4,C3 Trading & logistics desk,L1,132,49,23,16,27,12,15,0.00578,0.00444,0.42735,0.44697,24.631,30.139,40,94,46,59
UNK-10,UNK-10,False,7 Unknown role,6,C2 Staff cluster around DIR-01,L6,488,197,23,20,28,15,13,0.00572,0.00887,0.3836,0.19057,76.803,42.413,41,39,41,18
UNK-09,UNK-09,False,7 Unknown role,6,C3 Trading & logistics desk,L3,403,329,30,13,32,11,21,0.00544,0.00833,0.40121,0.2531,32.175,33.629,42,44,32,24
TRD-09,TRD-09,False,5 Trader,5,C4 Real-time trading desk,L5,11,85,5,17,19,3,16,0.0052,0.00441,0.48538,0.45455,49.277,76.145,43,96,88,128
VP-14,VP-14,False,2 Vice President,2,C5 Gas pipeline & regulatory,L2,65,172,12,22,24,10,14,0.00518,0.005,0.55435,0.64615,83.915,28.874,44,83,60,82
VP-12,VP-12,False,2 Vice President,2,C1 Leadership core,L1,123,212,29,27,39,17,22,0.00517,0.00709,0.49258,0.41463,32.784,48.84,45,53,19,62
EMP-14,EMP-14,False,6 Employee / Specialist,5,C2 Staff cluster around DIR-01,L6,238,232,18,21,25,14,11,0.00471,0.00961,0.35333,,75.702,38.35,46,31,56,48
VP-13,VP-13,False,2 Vice President,2,C3 Trading & logistics desk,L3,115,174,20,21,28,13,15,0.00448,0.00562,0.46561,0.53043,30.535,24.387,47,74,43,65
EMP-08,EMP-08,False,6 Employee / Specialist,5,C4 Real-time trading desk,L5,278,333,16,11,17,10,7,0.00443,0.00881,0.44118,0.16906,52.334,88.455,48,40,92,40
VP-03,VP-03,False,2 Vice President,2,C1 Leadership core,L8,679,729,32,31,36,27,9,0.00417,0.01047,0.56667,0.18409,57.344,43.184,49,28,26,10
EMP-05,EMP-05,False,6 Employee / Specialist,5,C3 Trading & logistics desk,L3,391,416,24,19,28,15,13,0.00416,0.01224,0.51058,0.08951,26.599,23.515,50,16,44,26
DIR-12,DIR-12,False,3 Director / MD,3,C4 Real-time trading desk,L5,9,60,6,14,16,4,12,0.00401,0.0051,0.50833,0.44444,44.974,75.09,52,81,102,133
EMP-25,EMP-25,False,6 Employee / Specialist,5,C6 Trading & logistics desk (TRD-02),L2,26,76,9,9,13,5,8,0.00401,0.00472,0.42308,0.30769,72.178,10.553,51,90,117,106
UNK-20,UNK-20,False,7 Unknown role,6,C3 Trading & logistics desk,L3,82,199,29,14,32,11,21,0.00398,0.00541,0.50403,0.40244,34.304,25.772,53,78,33,76
VP-07,VP-07,False,2 Vice President,2,C5 Gas pipeline & regulatory,L2,357,422,20,19,23,16,7,0.00379,0.00892,0.53755,0.22689,83.649,23.867,54,36,71,31
UNK-33,UNK-33,False,7 Unknown role,6,C1 Leadership core,L4,51,56,10,10,18,2,16,0.00371,0.00223,0.46405,0.11765,38.943,33.417,55,136,89,90
EMP-16,EMP-16,False,6 Employee / Specialist,5,C2 Staff cluster around DIR-01,L7,253,147,21,17,23,15,8,0.0037,0.00366,0.55336,0.09486,76.053,54.902,56,113,68,44
TRD-02,TRD-02,False,5 Trader,5,C6 Trading & logistics desk (TRD-02),L2,209,54,14,17,21,10,11,0.00349,0.00895,0.51429,0.2201,64.748,22.504,57,35,78,53
DIR-08,DIR-08,False,3 Director / MD,3,C1 Leadership core,L1,77,99,23,21,30,14,16,0.00342,0.00582,0.49425,0.62338,29.195,47.035,58,71,37,79
DIR-10,DIR-10,False,3 Director / MD,3,C1 Leadership core,L1,23,102,7,26,28,5,23,0.00336,0.0057,0.44444,0.6087,30.08,37.093,59,73,42,109
EMP-19,EMP-19,False,6 Employee / Specialist,5,C3 Trading & logistics desk,L3,41,235,16,22,27,11,16,0.00335,0.00993,0.55556,0.46341,33.272,18.097,61,30,47,96
EXE-06,Greg Whalley,True,1 Executive,1,C1 Leadership core,L1,71,477,22,35,36,21,15,0.00335,0.01239,0.58889,0.33803,48.76,51.913,60,13,25,80
EMP-03,EMP-03,False,6 Employee / Specialist,5,C2 Staff cluster around DIR-01,L7,769,490,21,15,23,13,10,0.00332,0.0055,0.4585,0.13654,75.939,51.018,62,77,72,9
TRD-04,TRD-04,False,5 Trader,5,C3 Trading & logistics desk,L3,61,173,20,18,28,10,18,0.00325,0.00581,0.46561,0.2459,33.638,21.922,63,72,45,86
UNK-06,UNK-06,False,7 Unknown role,6,C2 Staff cluster around DIR-01,L7,327,755,21,15,23,13,10,0.00323,0.00721,0.45455,0.27523,79.455,52.513,64,51,63,36
UNK-37,UNK-37,False,7 Unknown role,6,C3 Trading & logistics desk,L1,36,36,18,17,26,9,17,0.00311,0.00298,0.44923,0.22222,41.898,20.847,65,126,49,99
UNK-23,UNK-23,False,7 Unknown role,6,C2 Staff cluster around DIR-01,L7,97,149,28,6,29,5,24,0.00302,0.00396,0.51478,,72.048,54.524,66,107,39,70
UNK-19,UNK-19,False,7 Unknown role,6,C1 Leadership core,L4,159,138,21,17,26,12,14,0.0029,0.00722,0.48615,0.42767,24.57,43.021,67,50,51,57
UNK-14,UNK-14,False,7 Unknown role,6,C1 Leadership core,L1,233,213,21,18,24,15,9,0.00278,0.00662,0.68841,0.18455,55.245,53.635,68,58,62,49
UNK-12,UNK-12,False,7 Unknown role,6,C7 Staff cluster around UNK-12,L6,269,250,14,15,20,9,11,0.00274,0.00832,0.43158,0.5948,56.107,18.185,69,45,83,43
EMP-29,EMP-29,False,6 Employee / Specialist,5,C1 Leadership core,L2,26,49,10,14,17,7,10,0.00252,0.005,0.45588,0.5,43.337,36.48,70,84,91,105
EXE-10,Jeffery Skilling,True,1 Executive,1,C1 Leadership core,L1,60,102,28,19,32,15,17,0.00251,0.00318,0.61492,,54.936,46.157,71,125,31,87
UNK-22,UNK-22,False,7 Unknown role,6,C2 Staff cluster around DIR-01,L6,95,168,18,14,23,9,14,0.00246,0.00405,0.48221,,79.836,44.96,72,105,65,71
UNK-25,UNK-25,False,7 Unknown role,6,C5 Gas pipeline & regulatory,L2,116,74,12,13,15,10,5,0.00241,0.00435,0.58095,0.43103,100.0,25.093,73,99,107,64
DIR-04,DIR-04,False,3 Director / MD,3,C3 Trading & logistics desk,L3,20,242,11,24,26,9,17,0.00233,0.00887,0.55385,0.65,27.548,32.805,74,38,52,112
UNK-11,UNK-11,False,7 Unknown role,6,C1 Leadership core,L1,507,27,25,10,26,9,17,0.0023,0.00186,0.67077,0.73373,55.402,49.902,75,142,50,16
VP-02,VP-02,False,2 Vice President,2,C1 Leadership core,L8,524,1697,23,22,30,15,15,0.00227,0.01232,0.61609,0.31679,61.128,43.002,76,14,38,15
EMP-28,EMP-28,False,6 Employee / Specialist,5,C1 Leadership core,L4,10,70,7,19,22,4,18,0.00226,0.00366,0.53247,0.3,26.594,39.479,77,112,73,130
UNK-02,UNK-02,False,7 Unknown role,6,C2 Staff cluster around DIR-01,L7,1279,857,22,17,26,13,13,0.00225,0.01079,0.52,0.09695,78.472,48.307,78,26,55,4
EMP-09,EMP-09,False,6 Employee / Specialist,5,C1 Leadership core,L4,370,176,10,15,16,9,7,0.00223,0.00672,0.50833,0.65946,19.119,46.56,79,55,99,28
EMP-34,EMP-34,False,6 Employee / Specialist,5,C4 Real-time trading desk,L5,5,14,3,8,9,2,7,0.00212,0.00206,0.66667,,60.099,98.207,80,139,135,143
TRD-07,TRD-07,False,5 Trader,5,C1 Leadership core,L1,60,64,18,16,23,11,12,0.00211,0.00352,0.49407,0.58333,35.705,35.251,81,118,66,88
UNK-16,UNK-16,False,7 Unknown role,6,C3 Trading & logistics desk,L4,104,247,11,19,21,9,12,0.00203,0.00797,0.46667,0.19231,39.842,29.775,82,47,79,68
UNK-26,UNK-26,False,7 Unknown role,6,C1 Leadership core,L1,92,95,18,22,27,13,14,0.00198,0.00323,0.59829,0.21739,55.912,57.193,83,122,48,72
TRD-01,TRD-01,False,5 Trader,5,C3 Trading & logistics desk,L3,433,280,15,18,21,12,9,0.00193,0.01015,0.50476,0.12009,37.205,23.423,84,29,80,21
MGR-10,MGR-10,False,4 Manager,4,C3 Trading & logistics desk,L3,22,40,8,14,16,6,10,0.00191,0.00275,0.36667,0.27273,40.242,17.373,85,130,97,110
VP-18,VP-18,False,2 Vice President,2,C1 Leadership core,L1,41,74,10,18,20,8,12,0.0019,0.00418,0.48947,0.34146,35.303,56.167,86,103,82,97
VP-17,VP-17,False,2 Vice President,2,C1 Leadership core,L1,14,103,5,20,22,3,19,0.00186,0.0048,0.57576,0.71429,37.06,59.175,87,89,74,120
EMP-26,EMP-26,False,6 Employee / Specialist,5,C4 Real-time trading desk,L5,24,69,7,9,10,6,4,0.00183,0.00703,0.68889,0.33333,54.667,96.295,88,54,127,107
EMP-15,EMP-15,False,6 Employee / Specialist,5,C1 Leadership core,L1,246,177,13,19,22,10,12,0.0018,0.00723,0.72294,0.39837,62.704,54.179,89,49,75,47
MGR-08,MGR-08,False,4 Manager,4,C3 Trading & logistics desk,L3,85,35,17,14,23,8,15,0.00176,0.00261,0.50593,0.58824,24.114,26.293,90,133,70,73
UNK-07,UNK-07,False,7 Unknown role,6,C5 Gas pipeline & regulatory,L2,401,414,17,17,19,15,4,0.00173,0.0163,0.60234,0.42145,91.477,25.208,91,4,87,25
DIR-11,DIR-11,False,3 Director / MD,3,C1 Leadership core,L4,32,88,16,19,23,12,11,0.00164,0.00465,0.56126,0.5,29.851,40.726,92,91,64,100
MGR-09,MGR-09,False,4 Manager,4,C3 Trading & logistics desk,L1,7,55,5,10,13,2,11,0.0016,0.00361,0.47436,0.28571,14.321,30.341,93,115,115,135
MGR-04,MGR-04,False,4 Manager,4,C1 Leadership core,L1,79,234,17,22,26,13,13,0.00157,0.00653,0.69538,0.18987,52.35,51.586,94,59,53,78
UNK-39,UNK-39,False,7 Unknown role,6,C6 Trading & logistics desk (TRD-02),L2,20,21,7,8,12,3,9,0.00155,0.0023,0.57576,0.55,61.38,11.1,95,135,122,111
EXE-05,Jeffrey Shankman,True,1 Executive,1,C1 Leadership core,L1,276,366,27,27,31,23,8,0.00152,0.01095,0.66022,0.31159,45.462,49.371,96,24,34,42
DIR-07,DIR-07,False,3 Director / MD,3,C1 Leadership core,L4,47,135,16,19,22,13,9,0.00151,0.00587,0.58874,0.08511,25.647,46.416,97,69,76,93
EMP-27,EMP-27,False,6 Employee / Specialist,5,C1 Leadership core,L4,29,56,15,21,24,12,12,0.00147,0.00398,0.55797,0.17241,28.066,43.602,98,106,61,103
UNK-17,UNK-17,False,7 Unknown role,6,C5 Gas pipeline & regulatory,L2,105,215,11,15,15,11,4,0.00138,0.00834,0.5619,0.5619,96.938,23.462,99,43,110,67
EMP-18,EMP-18,False,6 Employee / Specialist,5,C3 Trading & logistics desk,L3,164,135,12,12,19,5,14,0.00135,0.00391,0.50292,0.04268,21.165,27.937,100,110,84,56
UNK-36,UNK-36,False,7 Unknown role,6,C2 Staff cluster around DIR-01,L6,31,51,12,11,16,7,9,0.00134,0.00268,0.53333,0.51613,80.635,40.752,101,132,101,102
MGR-06,MGR-06,False,4 Manager,4,C5 Gas pipeline & regulatory,L2,43,123,10,15,16,9,7,0.00126,0.00485,0.68333,0.2093,98.418,20.504,102,87,104,94
DIR-09,DIR-09,False,3 Director / MD,3,C3 Trading & logistics desk,L3,12,151,5,18,19,4,15,0.00119,0.00668,0.67836,0.5,24.026,20.949,103,56,85,125
EMP-17,EMP-17,False,6 Employee / Specialist,5,C4 Real-time trading desk,L5,217,110,11,9,13,7,6,0.00113,0.0095,0.58974,0.19816,54.766,91.177,104,32,114,51
VP-19,VP-19,False,2 Vice President,2,C1 Leadership core,L1,17,70,7,19,19,7,12,0.00109,0.00418,0.63743,0.35294,47.278,61.355,105,102,86,115
UNK-35,UNK-35,False,7 Unknown role,6,C3 Trading & logistics desk,L4,19,78,7,12,13,6,7,0.00104,0.00277,0.44872,0.15789,50.365,22.388,106,129,120,113
EMP-30,EMP-30,False,6 Employee / Specialist,5,C4 Real-time trading desk,L5,31,34,6,4,7,3,4,0.00101,0.00286,0.71429,0.16129,43.343,100.0,109,127,142,101
UNK-21,UNK-21,False,7 Unknown role,6,C1 Leadership core,L1,56,220,9,7,13,3,10,0.00101,0.00584,0.52564,0.78571,59.246,57.418,108,70,119,89
EMP-13,EMP-13,False,6 Employee / Specialist,5,C5 Gas pipeline & regulatory,L2,221,270,14,15,17,12,5,0.00101,0.00895,0.72059,0.65611,94.721,25.85,107,34,96,50
DIR-13,DIR-13,False,3 Director / MD,3,C1 Leadership core,L1,2,46,1,17,17,1,16,0.00094,0.00433,0.64706,,33.457,58.935,111,100,95,144
DIR-06,DIR-06,False,3 Director / MD,3,C1 Leadership core,L4,18,184,5,16,17,4,13,0.00094,0.00649,0.61029,0.5,22.447,47.023,110,61,94,114
EMP-24,EMP-24,False,6 Employee / Specialist,5,C6 Trading & logistics desk (TRD-02),L2,16,87,4,10,11,3,8,0.00087,0.00529,0.69091,0.4375,69.68,21.391,112,79,124,117
EMP-11,EMP-11,False,6 Employee / Specialist,5,C2 Staff cluster around DIR-01,L7,67,457,9,11,13,7,6,0.00074,0.00713,0.60256,,82.571,47.041,114,52,121,81
TRD-10,TRD-10,False,5 Trader,5,C2 Staff cluster around DIR-01,L6,15,57,8,12,14,6,8,0.00074,0.00323,0.51648,0.06667,71.128,36.5,113,121,111,119
EMP-21,EMP-21,False,6 Employee / Specialist,5,C4 Real-time trading desk,L5,23,220,8,6,10,4,6,0.00069,0.00514,0.66667,0.17391,50.159,95.273,115,80,126,108
EMP-07,EMP-07,False,6 Employee / Specialist,5,C5 Gas pipeline & regulatory,L2,302,351,14,16,16,14,2,0.00065,0.01226,0.80833,0.30132,90.766,20.225,117,15,103,38
EMP-10,EMP-10,False,6 Employee / Specialist,5,C5 Gas pipeline & regulatory,L2,212,313,14,16,16,14,2,0.00065,0.01085,0.80833,0.39151,92.952,22.325,116,25,100,52
DIR-14,DIR-14,False,3 Director / MD,3,C1 Leadership core,L1,5,41,5,12,15,2,13,0.00061,0.00271,0.66667,0.2,23.369,49.978,118,131,106,141
MGR-11,MGR-11,False,4 Manager,4,C1 Leadership core,L1,13,48,7,11,14,4,10,0.00058,0.00396,0.67033,0.15385,39.395,61.471,119,108,112,123
UNK-38,UNK-38,False,7 Unknown role,6,C1 Leadership core,L4,10,35,6,12,16,2,14,0.00057,0.00241,0.59167,0.4,21.396,44.124,120,134,105,131
UNK-41,UNK-41,False,7 Unknown role,6,C1 Leadership core,L4,29,0,6,0,6,0,6,0.00056,0.00105,0.4,,0.0,49.975,121,148,143,104
UNK-24,UNK-24,False,7 Unknown role,6,C5 Gas pipeline & regulatory,L2,127,92,11,12,13,10,3,0.00054,0.00361,0.82051,0.37795,96.491,18.037,122,114,116,61
UNK-28,UNK-28,False,7 Unknown role,6,C3 Trading & logistics desk,L3,16,166,6,16,18,4,14,0.00053,0.00499,0.73856,0.9375,22.335,23.619,123,85,90,116
UNK-29,UNK-29,False,7 Unknown role,6,C3 Trading & logistics desk,L3,41,130,13,13,17,9,8,0.00053,0.00436,0.69118,0.5122,30.31,20.866,124,98,93,98
EMP-23,EMP-23,False,6 Employee / Specialist,5,C7 Staff cluster around UNK-12,L6,65,94,8,9,11,6,5,0.00046,0.00371,0.56364,0.89231,53.353,10.749,126,111,125,83
EMP-31,EMP-31,False,6 Employee / Specialist,5,C2 Staff cluster around DIR-01,L4,11,47,5,7,9,3,6,0.00046,0.00191,0.58333,0.45455,73.852,57.529,125,141,137,129
MGR-12,MGR-12,False,4 Manager,4,C6 Trading & logistics desk (TRD-02),L2,5,50,5,12,13,4,9,0.00045,0.00437,0.74359,0.2,65.006,30.431,127,97,118,142
UNK-15,UNK-15,False,7 Unknown role,6,C5 Gas pipeline & regulatory,L2,278,142,14,11,15,10,5,0.00044,0.00457,0.85714,0.39928,93.947,19.517,128,93,108,41
EMP-22,EMP-22,False,6 Employee / Specialist,5,C7 Staff cluster around UNK-12,L6,81,81,7,10,10,7,3,0.00041,0.0036,0.66667,0.64198,57.4,12.538,129,117,131,77
UNK-40,UNK-40,False,7 Unknown role,6,C3 Trading & logistics desk,L3,0,36,0,14,14,0,14,0.00039,0.00277,0.72527,,21.333,17.747,130,128,113,148
TRD-06,TRD-06,False,5 Trader,5,C4 Real-time trading desk,L5,7,213,4,6,8,2,6,0.00038,0.00484,0.75,,47.564,99.73,131,88,138,136
EMP-32,EMP-32,False,6 Employee / Specialist,5,C4 Real-time trading desk,L5,7,35,6,5,9,2,7,0.00037,0.00222,0.77778,,60.352,93.756,132,137,136,137
TRD-11,TRD-11,False,5 Trader,5,C1 Leadership core,L1,6,18,5,9,12,2,10,0.00037,0.00318,0.68182,0.83333,23.077,58.65,133,124,123,139
UNK-05,UNK-05,False,7 Unknown role,6,C2 Staff cluster around DIR-01,L7,360,733,11,13,15,9,6,0.00036,0.00598,0.79048,0.54722,81.349,49.754,134,66,109,30
UNK-43,UNK-43,False,7 Unknown role,6,C1 Leadership core,L1,8,16,5,8,10,3,7,0.00034,0.00183,0.57778,0.375,34.963,61.544,135,143,132,134
TRD-03,TRD-03,False,5 Trader,5,C4 Real-time trading desk,L5,51,210,6,6,8,4,4,0.00027,0.00463,0.67857,0.5098,45.543,95.02,136,92,141,91
VP-20,VP-20,False,2 Vice President,2,C6 Trading & logistics desk (TRD-02),L2,13,68,5,7,8,4,4,0.00023,0.00422,0.75,0.69231,67.76,9.893,137,101,139,122
UNK-30,UNK-30,False,7 Unknown role,6,C2 Staff cluster around DIR-01,L4,12,132,5,7,10,2,8,0.00022,0.00322,0.66667,,70.103,59.382,139,123,130,127
TRD-08,TRD-08,False,5 Trader,5,C4 Real-time trading desk,L2,6,92,4,8,9,3,6,0.00022,0.0065,0.72222,0.33333,59.625,72.676,138,60,134,138
UNK-32,UNK-32,False,7 Unknown role,6,C1 Leadership core,L8,64,59,7,7,10,4,6,0.0002,0.00167,0.73333,,58.576,34.72,140,144,129,84
UNK-44,UNK-44,False,7 Unknown role,6,C6 Trading & logistics desk (TRD-02),L2,13,5,4,3,6,1,5,0.00019,0.00125,0.6,0.23077,62.565,0.0,141,145,144,124
EMP-20,EMP-20,False,6 Employee / Specialist,5,C2 Staff cluster around DIR-01,L4,15,234,1,10,10,1,9,0.00015,0.00443,0.77778,,65.93,56.348,142,95,128,118
UNK-34,UNK-34,False,7 Unknown role,6,C4 Real-time trading desk,L5,12,89,5,7,8,4,4,0.00013,0.00551,0.78571,0.5,54.346,99.414,143,76,140,126
UNK-42,UNK-42,False,7 Unknown role,6,C4 Real-time trading desk,L2,9,19,5,6,9,2,7,8e-05,0.00332,0.83333,1.0,69.167,75.586,144,119,133,132
EMP-33,EMP-33,False,6 Employee / Specialist,5,C1 Leadership core,L4,6,36,2,4,4,2,2,7e-05,0.00219,0.5,0.16667,57.558,30.343,145,138,145,140
UNK-46,UNK-46,False,7 Unknown role,6,C1 Leadership core,L1,0,9,0,1,1,0,1,0.0,0.00118,0.0,,14.67,60.867,146,146,146,145
UNK-47,UNK-47,False,7 Unknown role,6,C1 Leadership core,L1,0,3,0,1,1,0,1,0.0,0.0011,0.0,,5.154,60.879,147,147,147,146
UNK-45,UNK-45,False,7 Unknown role,6,C3 Trading & logistics desk,L3,0,13,0,1,1,0,1,0.0,0.00198,0.0,,11.583,3.427,148,140,148,147
