month,deliveries,messages,active_people,ties,density,p_closed,locality_ratio,reciprocity,executive_share,reliable
1999-01-01,38,23,13,12,0.15385,0.0,0.0,0.0,0.0,No (fewer than 50 active people)
1999-02-01,5,5,3,2,0.66667,0.0,0.0,0.0,0.0,No (fewer than 50 active people)
1999-03-01,10,9,6,5,0.33333,0.0,0.0,0.0,0.0,No (fewer than 50 active people)
1999-04-01,2,2,3,2,0.66667,0.0,0.0,0.0,0.0,No (fewer than 50 active people)
1999-05-01,67,52,14,20,0.21978,0.41379,1.883,0.5714,0.0448,No (fewer than 50 active people)
1999-06-01,58,43,17,18,0.13235,0.4186,3.163,0.2857,0.2069,No (fewer than 50 active people)
1999-07-01,105,75,18,28,0.18301,0.40449,2.21,0.3529,0.181,No (fewer than 50 active people)
1999-08-01,133,91,21,31,0.14762,0.33051,2.239,0.3684,0.0902,No (fewer than 50 active people)
1999-09-01,170,109,23,37,0.14625,0.3375,2.308,0.2791,0.0294,No (fewer than 50 active people)
1999-10-01,165,122,26,39,0.12,0.32967,2.747,0.4706,0.0788,No (fewer than 50 active people)
1999-11-01,110,83,21,28,0.13333,0.33333,2.5,0.5641,0.0636,No (fewer than 50 active people)
1999-12-01,344,195,57,81,0.05075,0.23587,4.648,0.2198,0.1047,Yes
2000-01-01,405,255,65,100,0.04808,0.26892,5.594,0.3193,0.1432,Yes
2000-02-01,341,202,62,110,0.05817,0.23923,4.113,0.2946,0.2434,Yes
2000-03-01,419,262,73,114,0.04338,0.23077,5.32,0.2326,0.105,Yes
2000-04-01,327,220,73,98,0.03729,0.25962,6.962,0.3934,0.0887,Yes
2000-05-01,409,267,73,119,0.04528,0.23033,5.087,0.3121,0.2029,Yes
2000-06-01,615,394,90,152,0.03795,0.20884,5.503,0.3743,0.2049,Yes
2000-07-01,668,420,92,189,0.04515,0.24615,5.452,0.3846,0.2246,Yes
2000-08-01,1100,671,108,278,0.04811,0.26902,5.591,0.3695,0.1764,Yes
2000-09-01,944,647,106,242,0.04349,0.27146,6.242,0.3974,0.1155,Yes
2000-10-01,1327,818,105,274,0.05018,0.27932,5.566,0.4476,0.1922,Yes
2000-11-01,1308,837,120,289,0.04048,0.30094,7.435,0.4709,0.1651,Yes
2000-12-01,1197,785,116,287,0.04303,0.34532,8.025,0.5052,0.2481,Yes
2001-01-01,1359,801,122,314,0.04254,0.27449,6.452,0.3773,0.1781,Yes
2001-02-01,1487,822,113,280,0.04425,0.288,6.509,0.3768,0.1231,Yes
2001-03-01,1788,1038,121,328,0.04518,0.29713,6.577,0.4492,0.0956,Yes
2001-04-01,1893,1129,127,389,0.04862,0.33801,6.952,0.4655,0.1463,Yes
2001-05-01,2138,1153,134,422,0.04736,0.21765,4.596,0.4399,0.2802,Yes
2001-06-01,1152,655,128,305,0.03752,0.2847,7.587,0.4399,0.1606,Yes
2001-07-01,1521,746,106,264,0.04744,0.31109,6.558,0.2801,0.1486,Yes
2001-08-01,1407,713,130,397,0.04735,0.27845,5.881,0.2961,0.1969,Yes
2001-09-01,1920,942,128,384,0.04724,0.31081,6.579,0.464,0.2005,Yes
2001-10-01,3215,1912,133,580,0.06607,0.30744,4.653,0.4974,0.1972,Yes
2001-11-01,2505,1496,130,486,0.05796,0.34051,5.875,0.516,0.2663,Yes
2001-12-01,934,520,115,305,0.04653,0.29233,6.283,0.4238,0.2923,Yes
2002-01-01,1488,866,109,296,0.05029,0.33741,6.709,0.5419,0.2513,Yes
2002-02-01,920,425,99,259,0.05339,0.20169,3.778,0.4062,0.2641,Yes
2002-03-01,322,239,30,65,0.14943,0.6746,4.515,0.6022,0.0311,No (fewer than 50 active people)
2002-04-01,14,14,6,4,0.26667,0.0,0.0,0.4,0.0,No (fewer than 50 active people)
2002-05-01,33,11,17,20,0.14706,0.2,1.36,0.1818,0.0,No (fewer than 50 active people)
2002-06-01,11,5,7,9,0.42857,0.54545,1.273,0.3636,0.0,No (fewer than 50 active people)
